Name,Sport,Height,Weight
Asuka Teramoto,Gymnastics,54,66
Brittainey Raven,Basketball,,162
Chen Nan,Basketball,78,204
Gabby Douglas,Gymnastics,49,90
Helalia Johannes,Track,65,99
Irina Miketenko,Track,,106
Jennifer Lacy,Basketball,75,175
Kara Goucher,Track,67,123
Linlin Deng,Gymnastics,54,68
Nakia Sanford,Basketball,76,200
Nikki Blue,Basketball,68,163
Qiushuang Huang,Gymnastics,61,95
Rebecca Tunney,Gymnastics,,77
Rene Kalmer,Track,70,108
Shanna Crossley,Basketball,70,155
Shavonte Zellous,Basketball,70,155
Tatyana Petrova,Track,63,108
Tiki Gelana,Track,65,106
Valeria Straneo,Track,66,97
Viktoria Komova,Gymnastics,61,76
Amy Cragg,,64,99
Simone Biles,Gymnastics,57,104
Madison Kocian,Gymnastics,62,101
Elena Delle Donne,Basketball,77,188
Seimone Augustus,Basketball,72,166
Desiree Linden,Track,61,97
Shalane Flanagan,Track,65,106
Laurie Hernandez,Gymnastics,60,106